<?xml version="1.0" encoding="UTF-8"?>
<infoList vendor="NXP"><info name="MKL27Z64xxx4" chip="MKL27Z64xxx4" ><chip><name>MKL27Z64xxx4</name>
<family>KL2x</family>
<vendor>NXP</vendor>
<memory can_program="true" id="Flash" is_ro="true" size="64" type="Flash"/>
<memory id="RAM" size="16" type="RAM"/>
<memoryInstance derived_from="Flash" driver="FTFA_1K.cfx" id="PROGRAM_FLASH" location="0x0" size="0x1ff00"/>
<memoryInstance derived_from="RAM" id="SRAM" location="0x1ffff000" size="0x4000"/>
<memoryInstance derived_from="RAM" id="USB_RAM" location="0x400fe000" size="0x200"/>
<peripheralInstance derived_from="FTFA-FlashConfig" id="FTFA-FlashConfig" location="0x400"/>
<peripheralInstance derived_from="DMA" id="DMA" location="0x40008000"/>
<peripheralInstance derived_from="FTFA" id="FTFA" location="0x40020000"/>
<peripheralInstance derived_from="DMAMUX0" id="DMAMUX0" location="0x40021000"/>
<peripheralInstance derived_from="CRC" id="CRC" location="0x40032000"/>
<peripheralInstance derived_from="PIT" id="PIT" location="0x40037000"/>
<peripheralInstance derived_from="TPM0" id="TPM0" location="0x40038000"/>
<peripheralInstance derived_from="TPM1" id="TPM1" location="0x40039000"/>
<peripheralInstance derived_from="TPM2" id="TPM2" location="0x4003A000"/>
<peripheralInstance derived_from="ADC0" id="ADC0" location="0x4003B000"/>
<peripheralInstance derived_from="RTC" id="RTC" location="0x4003D000"/>
<peripheralInstance derived_from="LPTMR0" id="LPTMR0" location="0x40040000"/>
<peripheralInstance derived_from="RFSYS" id="RFSYS" location="0x40041000"/>
<peripheralInstance derived_from="SIM" id="SIM" location="0x40047000"/>
<peripheralInstance derived_from="PORTA" id="PORTA" location="0x40049000"/>
<peripheralInstance derived_from="PORTB" id="PORTB" location="0x4004A000"/>
<peripheralInstance derived_from="PORTC" id="PORTC" location="0x4004B000"/>
<peripheralInstance derived_from="PORTD" id="PORTD" location="0x4004C000"/>
<peripheralInstance derived_from="PORTE" id="PORTE" location="0x4004D000"/>
<peripheralInstance derived_from="LPUART0" id="LPUART0" location="0x40054000"/>
<peripheralInstance derived_from="LPUART1" id="LPUART1" location="0x40055000"/>
<peripheralInstance derived_from="FLEXIO" id="FLEXIO" location="0x4005F000"/>
<peripheralInstance derived_from="MCG" id="MCG" location="0x40064000"/>
<peripheralInstance derived_from="OSC0" id="OSC0" location="0x40065000"/>
<peripheralInstance derived_from="I2C0" id="I2C0" location="0x40066000"/>
<peripheralInstance derived_from="I2C1" id="I2C1" location="0x40067000"/>
<peripheralInstance derived_from="UART2" id="UART2" location="0x4006C000"/>
<peripheralInstance derived_from="USB0" id="USB0" location="0x40072000"/>
<peripheralInstance derived_from="CMP0" id="CMP0" location="0x40073000"/>
<peripheralInstance derived_from="VREF" id="VREF" location="0x40074000"/>
<peripheralInstance derived_from="SPI0" id="SPI0" location="0x40076000"/>
<peripheralInstance derived_from="SPI1" id="SPI1" location="0x40077000"/>
<peripheralInstance derived_from="LLWU" id="LLWU" location="0x4007C000"/>
<peripheralInstance derived_from="PMC" id="PMC" location="0x4007D000"/>
<peripheralInstance derived_from="SMC" id="SMC" location="0x4007E000"/>
<peripheralInstance derived_from="RCM" id="RCM" location="0x4007F000"/>
<peripheralInstance derived_from="GPIOA" id="GPIOA" location="0x400FF000"/>
<peripheralInstance derived_from="GPIOB" id="GPIOB" location="0x400FF040"/>
<peripheralInstance derived_from="GPIOC" id="GPIOC" location="0x400FF080"/>
<peripheralInstance derived_from="GPIOD" id="GPIOD" location="0x400FF0C0"/>
<peripheralInstance derived_from="GPIOE" id="GPIOE" location="0x400FF100"/>
<peripheralInstance derived_from="SystemControl" id="SystemControl" location="0xE000E000"/>
<peripheralInstance derived_from="SysTick" id="SysTick" location="0xE000E010"/>
<peripheralInstance derived_from="NVIC" id="NVIC" location="0xE000E100"/>
<peripheralInstance derived_from="MTB" id="MTB" location="0xF0000000"/>
<peripheralInstance derived_from="MTBDWT" id="MTBDWT" location="0xF0001000"/>
<peripheralInstance derived_from="ROM" id="ROM" location="0xF0002000"/>
<peripheralInstance derived_from="MCM" id="MCM" location="0xF0003000"/>
<peripheralInstance derived_from="FGPIOA" id="FGPIOA" location="0xF8000000"/>
<peripheralInstance derived_from="FGPIOB" id="FGPIOB" location="0xF8000040"/>
<peripheralInstance derived_from="FGPIOC" id="FGPIOC" location="0xF8000080"/>
<peripheralInstance derived_from="FGPIOD" id="FGPIOD" location="0xF80000C0"/>
<peripheralInstance derived_from="FGPIOE" id="FGPIOE" location="0xF8000100"/>
</chip>
<processor><name gcc_name="cortex-m0plus">Cortex-M0+</name>
<family>Cortex-M</family>
</processor>
<link href="MKL27Z644_internal_peripheral.xml" show="embed" type="simple"/>
</info>
</infoList>

